Species	Gene	Allele	AccNum	Functionality	1	2	3	4	5	6	7	8	9	10	11	12	13	14	15	16	17	18	19	20	21	22	23	24	25	26	27	28	29	30	31	32	33	34	35	36	37	38	39	40	41	42	43	44	45	46	47	48	49	50	51	52	53	54	55	56	57	58	59	60	61	62	63	64	65	66	67	68	69	70	71	72	73	74	75	76	77	78	79	80	81	82	83	84	85	86	87	88	89	90	91	92	93	94	95	96	97	98	99	100	101	102	103	104	105	106	107	108	109
Homosap	TRBV10-1	TRBV10-1*01	L36092	F	D	A	E	I	T	Q	S	P	R	H	K	I	T	E	T	G	R	Q	V	T	L	A	C	H	Q	T	W	N	H	.	.	.	.	.	.	.	N	N	M	F	W	Y	R	Q	D	L	G	H	G	L	R	L	I	H	Y	S	Y	G	.	.	.	.	V	Q	D	T	N	K	G	E	V	S	.	D	G	Y	S	V	S	R	S	.	N	T	E	D	L	P	L	T	L	E	S	A	A	S	S	Q	T	S	V	Y	F	C	A	S	S	E
Homosap	TRBV10-1	TRBV10-1*02	AF009660	F	D	A	E	I	T	Q	S	P	R	H	K	I	T	E	T	G	R	Q	V	T	L	A	C	H	Q	T	W	N	H	.	.	.	.	.	.	.	N	N	M	F	W	Y	R	Q	D	L	G	H	G	L	R	L	I	H	Y	S	Y	G	.	.	.	.	V	H	D	T	N	K	G	E	V	S	.	D	G	Y	S	V	S	R	S	.	N	T	E	D	L	P	L	T	L	E	S	A	A	S	S	Q	T	S	V	Y	F	C	A	S	S	E
Homosap	TRBV10-2	TRBV10-2*01	L36092	F	D	A	G	I	T	Q	S	P	R	Y	K	I	T	E	T	G	R	Q	V	T	L	M	C	H	Q	T	W	S	H	.	.	.	.	.	.	.	S	Y	M	F	W	Y	R	Q	D	L	G	H	G	L	R	L	I	Y	Y	S	A	A	.	.	.	.	A	D	I	T	D	K	G	E	V	P	.	D	G	Y	V	V	S	R	S	.	K	T	E	N	F	P	L	T	L	E	S	A	T	R	S	Q	T	S	V	Y	F	C	A	S	S	E
Homosap	TRBV10-2	TRBV10-2*02	IMGT000021	F	D	A	G	I	T	Q	S	P	R	Y	K	I	T	E	T	G	R	Q	V	T	L	M	C	H	Q	T	W	S	H	.	.	.	.	.	.	.	S	Y	M	F	W	Y	R	Q	D	L	G	H	G	L	R	L	I	Y	Y	S	A	A	.	.	.	.	A	D	I	T	D	K	G	E	V	P	.	D	G	Y	V	V	S	R	S	.	K	T	E	N	F	P	L	T	L	E	S	A	T	R	S	Q	T	S	V	Y	F	C	A	S	S	E
Homosap	TRBV10-3	TRBV10-3*01	U03115	F	D	A	G	I	T	Q	S	P	R	H	K	V	T	E	T	G	T	P	V	T	L	R	C	H	Q	T	E	N	H	.	.	.	.	.	.	.	R	Y	M	Y	W	Y	R	Q	D	P	G	H	G	L	R	L	I	H	Y	S	Y	G	.	.	.	.	V	K	D	T	D	K	G	E	V	S	.	D	G	Y	S	V	S	R	S	.	K	T	E	D	F	L	L	T	L	E	S	A	T	S	S	Q	T	S	V	Y	F	C	A	I	S	E
Homosap	TRBV10-3	TRBV10-3*02	U17047	F	D	A	G	I	T	Q	S	P	R	H	K	V	T	E	T	G	T	P	V	T	L	R	C	H	Q	T	E	N	H	.	.	.	.	.	.	.	R	Y	M	Y	W	Y	R	Q	D	P	G	H	G	L	R	L	I	H	Y	S	Y	G	.	.	.	.	V	K	D	T	D	K	G	E	V	S	.	D	G	Y	S	V	S	R	S	.	K	T	E	D	F	L	L	T	L	E	S	A	T	S	S	Q	T	S	V	Y	F	C	A	I	S	E
Homosap	TRBV10-3	TRBV10-3*03	L33101	[F]	D	A	G	I	T	Q	S	P	R	H	K	V	T	E	T	G	T	P	V	T	L	R	C	H	Q	T	E	N	H	.	.	.	.	.	.	.	R	Y	M	Y	W	Y	R	Q	D	P	G	H	G	L	R	L	I	H	Y	S	Y	G	.	.	.	.	V	K	D	T	D	K	G	E	V	S	.	D	G	Y	S	V	S	R	S	.	K	T	E	D	F	L	L	T	L	E	S	A	T	S	S	Q	T	S	V	Y	F	C
Homosap	TRBV10-3	TRBV10-3*04	L33102	[F]	D	A	G	I	T	Q	S	P	R	H	K	V	T	E	T	G	T	P	V	T	L	R	C	H	Q	T	E	N	H	.	.	.	.	.	.	.	R	Y	M	Y	W	Y	R	Q	D	P	G	H	G	L	R	L	I	H	Y	S	Y	G	.	.	.	.	V	K	D	T	D	K	G	E	V	S	.	D	G	Y	S	V	S	R	S	.	K	T	E	D	F	L	L	T	L	E	S	A	T	S	S	Q	T	S	V	Y	F	C
Homosap	TRBV11-1	TRBV11-1*01	M33233	F	E	A	E	V	A	Q	S	P	R	Y	K	I	T	E	K	S	Q	A	V	A	F	W	C	D	P	I	S	G	H	.	.	.	.	.	.	.	A	T	L	Y	W	Y	R	Q	I	L	G	Q	G	P	E	L	L	V	Q	F	Q	D	.	.	.	.	E	S	V	V	D	D	S	Q	L	P	K	D	R	F	S	A	E	R	L	.	K	G	V	D	S	T	L	K	I	Q	P	A	E	L	G	D	S	A	M	Y	L	C	A	S	S	L
Homosap	TRBV11-2	TRBV11-2*01	L36092	F	E	A	G	V	A	Q	S	P	R	Y	K	I	I	E	K	R	Q	S	V	A	F	W	C	N	P	I	S	G	H	.	.	.	.	.	.	.	A	T	L	Y	W	Y	Q	Q	I	L	G	Q	G	P	K	L	L	I	Q	F	Q	N	.	.	.	.	N	G	V	V	D	D	S	Q	L	P	K	D	R	F	S	A	E	R	L	.	K	G	V	D	S	T	L	K	I	Q	P	A	K	L	E	D	S	A	V	Y	L	C	A	S	S	L
Homosap	TRBV11-2	TRBV11-2*02	M33235	[F]	E	A	G	V	A	Q	S	P	R	Y	K	I	I	E	K	R	Q	S	V	A	F	W	C	N	P	I	S	G	H	.	.	.	.	.	.	.	A	T	L	Y	W	Y	Q	Q	I	L	G	Q	G	P	K	L	L	I	Q	F	Q	N	.	.	.	.	N	G	V	V	D	D	S	Q	L	P	K	D	R	F	S	A	E	R	L	.	K	G	V	D	S	T	L	K	I	Q	P	A	K	L	E	N	S	A	V	Y	L	C	A	S	S
Homosap	TRBV11-2	TRBV11-2*03	IMGT000021	F	E	A	G	V	A	Q	S	P	R	Y	K	I	I	E	K	R	Q	S	V	A	F	W	C	N	P	I	S	G	H	.	.	.	.	.	.	.	A	T	L	Y	W	Y	Q	Q	I	L	G	Q	G	P	K	L	L	I	Q	F	Q	N	.	.	.	.	N	G	V	V	D	D	S	Q	L	P	K	D	R	F	S	A	E	R	L	.	K	G	V	D	S	T	L	K	I	Q	P	A	K	L	E	D	S	A	V	Y	L	C	A	S	S	L
Homosap	TRBV11-3	TRBV11-3*01	U03115	F	E	A	G	V	V	Q	S	P	R	Y	K	I	I	E	K	K	Q	P	V	A	F	W	C	N	P	I	S	G	H	.	.	.	.	.	.	.	N	T	L	Y	W	Y	L	Q	N	L	G	Q	G	P	E	L	L	I	R	Y	E	N	.	.	.	.	E	E	A	V	D	D	S	Q	L	P	K	D	R	F	S	A	E	R	L	.	K	G	V	D	S	T	L	K	I	Q	P	A	E	L	G	D	S	A	V	Y	L	C	A	S	S	L
Homosap	TRBV11-3	TRBV11-3*02	X58797	(F)	E	A	G	V	V	Q	S	P	R	Y	K	I	I	E	K	K	Q	P	V	A	F	W	C	N	P	I	S	G	H	.	.	.	.	.	.	.	N	T	L	Y	W	Y	R	Q	N	L	G	Q	G	P	E	L	L	I	R	Y	E	N	.	.	.	.	E	E	A	V	D	D	S	Q	L	P	K	D	R	F	S	A	E	R	L	.	K	G	V	D	S	T	L	K	I	Q	P	A	E	L	G	D	S	A	V	Y	L	C	A	S	S
Homosap	TRBV11-3	TRBV11-3*04	AB305924	(F)	E	A	G	V	V	Q	S	P	R	Y	K	I	I	E	K	K	Q	P	V	A	F	W	C	N	P	I	S	G	H	.	.	.	.	.	.	.	N	T	L	Y	W	Y	R	Q	N	L	G	Q	G	P	E	L	L	I	R	Y	E	N	.	.	.	.	E	E	A	V	D	D	S	Q	L	P	K	D	R	F	S	A	E	R	L	.	K	G	V	D	S	T	L	K	I	Q	P	A	E	L	G	D	S	A	V	Y	L	C	A	S	S	L
Homosap	TRBV12-3	TRBV12-3*01	X07192	F	D	A	G	V	I	Q	S	P	R	H	E	V	T	E	M	G	Q	E	V	T	L	R	C	K	P	I	S	G	H	.	.	.	.	.	.	.	N	S	L	F	W	Y	R	Q	T	M	M	R	G	L	E	L	L	I	Y	F	N	N	.	.	.	.	N	V	P	I	D	D	S	G	M	P	E	D	R	F	S	A	K	M	P	.	N	A	S	F	S	T	L	K	I	Q	P	S	E	P	R	D	S	A	V	Y	F	C	A	S	S	L
Homosap	TRBV12-4	TRBV12-4*01	K02546	F	D	A	G	V	I	Q	S	P	R	H	E	V	T	E	M	G	Q	E	V	T	L	R	C	K	P	I	S	G	H	.	.	.	.	.	.	.	D	Y	L	F	W	Y	R	Q	T	M	M	R	G	L	E	L	L	I	Y	F	N	N	.	.	.	.	N	V	P	I	D	D	S	G	M	P	E	D	R	F	S	A	K	M	P	.	N	A	S	F	S	T	L	K	I	Q	P	S	E	P	R	D	S	A	V	Y	F	C	A	S	S	L
Homosap	TRBV12-4	TRBV12-4*02	M14264	(F)	D	A	G	V	I	Q	S	P	R	H	E	V	T	E	M	G	Q	E	V	T	L	R	C	K	P	I	S	G	H	.	.	.	.	.	.	.	D	Y	L	F	W	Y	R	Q	T	M	M	R	G	L	E	L	L	I	Y	F	N	N	.	.	.	.	N	V	P	I	D	D	S	G	M	P	E	D	R	F	S	A	K	M	P	.	N	A	S	F	S	T	L	R	I	Q	P	S	E	P	R	D	S	A	V	Y	F	C	A	S	S	L
Homosap	TRBV12-5	TRBV12-5*01	X07223	F	D	A	R	V	T	Q	T	P	R	H	K	V	T	E	M	G	Q	E	V	T	M	R	C	Q	P	I	L	G	H	.	.	.	.	.	.	.	N	T	V	F	W	Y	R	Q	T	M	M	Q	G	L	E	L	L	A	Y	F	R	N	.	.	.	.	R	A	P	L	D	D	S	G	M	P	K	D	R	F	S	A	E	M	P	.	D	A	T	L	A	T	L	K	I	Q	P	S	E	P	R	D	S	A	V	Y	F	C	A	S	G	L
Homosap	TRBV13	TRBV13*01	U03115	F	A	A	G	V	I	Q	S	P	R	H	L	I	K	E	K	R	E	T	A	T	L	K	C	Y	P	I	P	R	H	.	.	.	.	.	.	.	D	T	V	Y	W	Y	Q	Q	G	P	G	Q	D	P	Q	F	L	I	S	F	Y	E	.	.	.	.	K	M	Q	S	D	K	G	S	I	P	.	D	R	F	S	A	Q	Q	F	.	S	D	Y	H	S	E	L	N	M	S	S	L	E	L	G	D	S	A	L	Y	F	C	A	S	S	L
Homosap	TRBV13	TRBV13*02	M62378	(F)	A	A	G	V	I	Q	S	P	R	H	L	I	R	E	K	R	E	T	A	T	L	K	C	Y	P	I	P	R	H	.	.	.	.	.	.	.	D	T	V	Y	W	Y	Q	Q	G	P	G	Q	D	P	Q	F	F	I	S	F	Y	E	.	.	.	.	K	M	Q	S	D	K	G	S	I	P	.	D	R	F	S	A	Q	Q	F	.	S	D	Y	H	S	E	L	N	M	S	S	L	E	L	G	D	S	A	L	Y	F	C	A	S	S
Homosap	TRBV14	TRBV14*01	X06154	F	E	A	G	V	T	Q	F	P	S	H	S	V	I	E	K	G	Q	T	V	T	L	R	C	D	P	I	S	G	H	.	.	.	.	.	.	.	D	N	L	Y	W	Y	R	R	V	M	G	K	E	I	K	F	L	L	H	F	V	K	.	.	.	.	E	S	K	Q	D	E	S	G	M	P	N	N	R	F	L	A	E	R	T	.	G	G	T	Y	S	T	L	K	V	Q	P	A	E	L	E	D	S	G	V	Y	F	C	A	S	S	Q
Homosap	TRBV14	TRBV14*02	X57722	(F)	E	A	G	V	T	Q	F	P	S	H	S	V	I	E	K	G	Q	T	V	T	L	R	C	D	P	I	S	G	H	.	.	.	.	.	.	.	D	N	L	Y	W	Y	R	R	V	M	G	K	E	I	K	F	L	L	H	F	V	K	.	.	.	.	E	S	K	Q	D	E	S	G	M	P	N	N	R	F	L	A	E	R	T	.	G	G	T	Y	S	T	L	K	V	Q	P	A	E	L	E	D	S	G	V	Y	F	C	A	S	S
Homosap	TRBV15	TRBV15*01	U03115	F	D	A	M	V	I	Q	N	P	R	Y	Q	V	T	Q	F	G	K	P	V	T	L	S	C	S	Q	T	L	N	H	.	.	.	.	.	.	.	N	V	M	Y	W	Y	Q	Q	K	S	S	Q	A	P	K	L	L	F	H	Y	Y	D	.	.	.	.	K	D	F	N	N	E	A	D	T	P	.	D	N	F	Q	S	R	R	P	.	N	T	S	F	C	F	L	D	I	R	S	P	G	L	G	D	T	A	M	Y	L	C	A	T	S	R
Homosap	TRBV15	TRBV15*02	IMGT000021	F	D	A	M	V	I	Q	N	P	R	Y	Q	V	T	Q	F	G	K	P	V	T	L	S	C	S	Q	T	L	N	H	.	.	.	.	.	.	.	N	V	M	Y	W	Y	Q	Q	K	S	S	Q	A	P	K	L	L	F	H	Y	Y	D	.	.	.	.	K	D	F	N	N	E	A	D	T	P	.	D	N	F	Q	S	R	R	P	.	N	T	S	F	C	F	L	D	I	R	S	P	G	L	G	D	A	A	M	Y	L	C	A	T	S	R
Homosap	TRBV15	TRBV15*03	M62376	(F)	D	A	M	V	I	Q	N	P	R	Y	R	V	T	Q	F	G	K	P	V	T	L	S	C	S	Q	T	L	N	H	.	.	.	.	.	.	.	N	V	M	Y	W	Y	Q	Q	K	S	S	Q	A	P	K	L	L	F	H	Y	Y	N	.	.	.	.	K	D	F	N	N	E	A	D	T	P	.	D	N	F	Q	S	R	R	P	.	N	T	S	F	C	F	L	D	I	R	S	P	G	L	G	D	A	A	M	Y	Q	C	A	T	S
Homosap	TRBV16	TRBV16*01	L26231	F	G	E	E	V	A	Q	T	P	K	H	L	V	R	G	E	G	Q	K	A	K	L	Y	C	A	P	I	K	G	H	.	.	.	.	.	.	.	S	Y	V	F	W	Y	Q	Q	V	L	K	N	E	F	K	F	L	I	S	F	Q	N	.	.	.	.	E	N	V	F	D	E	T	G	M	P	K	E	R	F	S	A	K	C	L	.	P	N	S	P	C	S	L	E	I	Q	A	T	K	L	E	D	S	A	V	Y	F	C	A	S	S	Q
Homosap	TRBV16	TRBV16*03	L26054	(F)	G	E	E	V	A	Q	T	P	K	H	L	V	R	G	E	G	Q	K	A	K	L	Y	C	A	P	I	K	G	H	.	.	.	.	.	.	.	S	Y	V	F	W	Y	Q	Q	V	L	K	N	E	F	K	F	L	V	S	F	Q	N	.	.	.	.	E	N	V	F	D	E	T	G	M	P	K	E	R	F	S	A	K	C	L	.	P	N	S	P	C	S	L	E	I	Q	A	T	K	L	E	D	S	A	V	Y	F	C	A	S	S
Homosap	TRBV18	TRBV18*01	L36092	F	N	A	G	V	M	Q	N	P	R	H	L	V	R	R	R	G	Q	E	A	R	L	R	C	S	P	M	K	G	H	.	.	.	.	.	.	.	S	H	V	Y	W	Y	R	Q	L	P	E	E	G	L	K	F	M	V	Y	L	Q	K	.	.	.	.	E	N	I	I	D	E	S	G	M	P	K	E	R	F	S	A	E	F	P	.	K	E	G	P	S	I	L	R	I	Q	Q	V	V	R	G	D	S	A	A	Y	F	C	A	S	S	P
Homosap	TRBV19	TRBV19*01	L36092	F	D	G	G	I	T	Q	S	P	K	Y	L	F	R	K	E	G	Q	N	V	T	L	S	C	E	Q	N	L	N	H	.	.	.	.	.	.	.	D	A	M	Y	W	Y	R	Q	D	P	G	Q	G	L	R	L	I	Y	Y	S	Q	I	.	.	.	.	V	N	D	F	Q	K	G	D	I	A	.	E	G	Y	S	V	S	R	E	.	K	K	E	S	F	P	L	T	V	T	S	A	Q	K	N	P	T	A	F	Y	L	C	A	S	S	I
Homosap	TRBV19	TRBV19*02	U48259	F	D	G	G	I	T	Q	S	P	K	Y	L	F	R	K	E	G	Q	N	V	T	L	S	C	E	Q	N	L	N	H	.	.	.	.	.	.	.	D	A	M	Y	W	Y	R	Q	V	P	G	Q	G	L	R	L	I	Y	Y	S	H	I	.	.	.	.	V	N	D	F	Q	K	G	D	I	A	.	E	G	Y	S	V	S	R	E	.	K	K	E	S	F	P	L	T	V	T	S	A	Q	K	N	P	T	A	F	Y	L	C	A	S	S	I
Homosap	TRBV19	TRBV19*03	M97725	(F)	D	G	G	I	T	Q	S	P	K	Y	L	F	R	K	E	G	Q	N	V	T	L	S	C	E	Q	N	L	N	H	.	.	.	.	.	.	.	D	A	M	Y	W	Y	R	Q	D	P	G	Q	G	L	R	L	I	Y	Y	S	H	I	.	.	.	.	V	N	D	F	Q	K	G	D	I	A	.	E	G	Y	S	V	S	R	E	.	K	K	E	S	F	P	L	T	V	T	S	A	Q	K	N	P	T	A	F	Y	L	C	A	S
Homosap	TRBV2	TRBV2*01	L36092	F	E	P	E	V	T	Q	T	P	S	H	Q	V	T	Q	M	G	Q	E	V	I	L	R	C	V	P	I	S	N	H	.	.	.	.	.	.	.	L	Y	F	Y	W	Y	R	Q	I	L	G	Q	K	V	E	F	L	V	S	F	Y	N	.	.	.	.	N	E	I	S	E	K	S	E	I	F	D	D	Q	F	S	V	E	R	P	.	D	G	S	N	F	T	L	K	I	R	S	T	K	L	E	D	S	A	M	Y	F	C	A	S	S	E
Homosap	TRBV2	TRBV2*02	M62379	(F)	E	P	E	V	T	Q	T	P	S	H	Q	V	T	Q	M	G	Q	E	V	I	L	H	C	V	P	I	S	N	H	.	.	.	.	.	.	.	L	Y	F	Y	W	Y	R	Q	I	L	G	Q	K	V	E	F	L	V	S	F	Y	N	.	.	.	.	N	E	I	S	E	K	S	E	I	F	D	D	Q	F	S	V	E	R	P	.	D	G	S	N	F	T	L	K	I	R	S	T	K	L	E	D	S	A	M	Y	F	C	A	S	S
Homosap	TRBV2	TRBV2*03	M64351	(F)	E	P	E	V	T	Q	T	P	S	H	Q	V	T	Q	M	G	Q	E	V	I	L	R	C	V	P	I	S	N	H	.	.	.	.	.	.	.	L	Y	F	Y	W	Y	R	Q	I	L	G	Q	K	V	E	F	L	V	S	F	Y	N	.	.	.	.	N	E	I	S	E	K	S	E	I	F	D	D	Q	F	S	V	E	R	P	.	D	G	S	N	F	T	L	K	I	R	S	T	K	L	E	D	S	A	M	Y	F	C	A	S	S	E
Homosap	TRBV20-1	TRBV20-1*01	M11955	F	G	A	V	V	S	Q	H	P	S	W	V	I	C	K	S	G	T	S	V	K	I	E	C	R	S	L	D	F	Q	.	.	.	.	.	.	A	T	T	M	F	W	Y	R	Q	F	P	K	Q	S	L	M	L	M	A	T	S	N	E	G	.	.	.	S	K	A	T	Y	E	Q	G	V	E	K	D	K	F	L	I	N	H	A	.	S	L	T	L	S	T	L	T	V	T	S	A	H	P	E	D	S	S	F	Y	I	C	S	A	R
Homosap	TRBV20-1	TRBV20-1*02	X72719	F	G	A	V	V	S	Q	H	P	S	R	V	I	C	K	S	G	T	S	V	K	I	E	C	R	S	L	D	F	Q	.	.	.	.	.	.	A	T	T	M	F	W	Y	R	Q	F	P	K	Q	S	L	M	L	M	A	T	S	N	E	G	.	.	.	S	K	A	T	Y	E	Q	G	V	E	K	D	K	F	L	I	N	H	A	.	S	L	T	L	S	T	L	T	V	T	S	A	H	P	E	D	S	S	F	Y	I	C	S	A
Homosap	TRBV20-1	TRBV20-1*03	M11954	(F)	G	A	V	V	S	Q	H	P	S	W	V	I	C	K	S	G	T	S	V	K	I	E	C	R	S	L	D	F	Q	.	.	.	.	.	.	A	T	T	M	F	W	Y	R	Q	F	P	K	Q	S	L	M	L	M	A	T	S	N	E	G	.	.	.	C	K	A	T	Y	E	Q	G	V	E	K	D	K	F	L	I	N	H	A	.	S	L	T	L	S	T	L	T	V	T	S	A	H	P	E	D	S	S	F	Y	I	C	S	A
Homosap	TRBV20-1	TRBV20-1*04	M14263	(F)	G	A	V	V	S	Q	H	P	S	R	V	I	C	K	S	G	T	S	V	K	I	E	C	R	S	L	D	F	Q	.	.	.	.	.	.	A	T	T	M	F	W	Y	R	Q	F	P	K	K	S	L	M	L	M	A	T	S	N	E	G	.	.	.	S	K	A	T	Y	E	Q	G	V	E	K	D	K	F	L	I	N	H	A	.	S	L	T	L	S	T	L	T	V	T	S	A	H	P	E	D	S	S	F	Y	I	C	S	A	S
Homosap	TRBV20-1	TRBV20-1*05	X57604	(F)	G	A	V	V	S	Q	H	P	S	R	V	I	C	K	S	G	T	S	V	K	I	E	C	R	S	L	D	F	Q	.	.	.	.	.	.	A	T	T	M	F	W	Y	R	Q	F	P	K	K	S	L	M	L	M	A	T	S	N	E	G	.	.	.	S	K	A	T	Y	E	Q	G	V	E	K	D	K	F	L	I	N	H	A	.	S	L	T	L	S	T	L	T	V	T	S	A	H	P	E	D	S	S	F	Y	I	C	S	A	R
Homosap	TRBV20-1	TRBV20-1*06	D13088	(F)	G	A	V	V	S	Q	H	P	S	R	V	I	C	K	S	G	T	S	V	K	I	E	C	R	S	L	D	F	Q	.	.	.	.	.	.	A	T	T	M	F	W	Y	R	Q	F	P	K	K	S	L	M	L	M	A	T	S	N	E	G	.	.	.	S	K	A	T	Y	E	Q	G	V	E	K	D	K	F	L	I	N	H	A	.	S	L	T	L	S	T	L	T	V	T	S	A	H	P	E	D	S	S	F	Y	I	C	S	A
Homosap	TRBV20-1	TRBV20-1*07	X74852	(F)	G	A	V	V	S	Q	H	P	S	R	V	I	C	K	S	G	T	S	V	K	I	E	C	R	S	L	D	F	Q	.	.	.	.	.	.	A	T	T	M	F	W	Y	R	Q	F	P	K	K	S	L	M	Q	I	A	T	S	N	E	G	.	.	.	S	K	A	T	Y	E	Q	G	V	E	K	D	K	F	L	I	N	H	A	.	S	L	T	L	S	T	L	T	V	T	S	A	H	P	E	D	S	S	F	Y	I	C	S	A	R
Homosap	TRBV24-1	TRBV24-1*01	M11951	F	D	A	D	V	T	Q	T	P	R	N	R	I	T	K	T	G	K	R	I	M	L	E	C	S	Q	T	K	G	H	.	.	.	.	.	.	.	D	R	M	Y	W	Y	R	Q	D	P	G	L	G	L	R	L	I	Y	Y	S	F	D	.	.	.	.	V	K	D	I	N	K	G	E	I	S	.	D	G	Y	S	V	S	R	Q	.	A	Q	A	K	F	S	L	S	L	E	S	A	I	P	N	Q	T	A	L	Y	F	C	A	T	S	D	L
Homosap	TRBV24-1	TRBV24-1*02	IMGT000021	F	D	A	D	V	T	Q	T	P	R	N	R	I	T	K	T	G	K	R	I	M	L	E	C	S	Q	T	K	G	H	.	.	.	.	.	.	.	D	R	M	Y	W	Y	R	Q	D	P	G	L	G	L	Q	L	I	Y	Y	S	F	D	.	.	.	.	V	K	D	I	N	K	G	E	I	S	.	D	G	Y	S	V	S	R	Q	.	A	Q	A	K	F	S	L	S	L	E	S	A	I	P	N	Q	T	A	L	Y	F	C	A	T	S	D	L
Homosap	TRBV25-1	TRBV25-1*01	L36092	F	E	A	D	I	Y	Q	T	P	R	Y	L	V	I	G	T	G	K	K	I	T	L	E	C	S	Q	T	M	G	H	.	.	.	.	.	.	.	D	K	M	Y	W	Y	Q	Q	D	P	G	M	E	L	H	L	I	H	Y	S	Y	G	.	.	.	.	V	N	S	T	E	K	G	D	L	S	.	S	E	S	T	V	S	R	I	.	R	T	E	H	F	P	L	T	L	E	S	A	R	P	S	H	T	S	Q	Y	L	C	A	S	S	E
Homosap	TRBV27	TRBV27*01	L36092	F	E	A	Q	V	T	Q	N	P	R	Y	L	I	T	V	T	G	K	K	L	T	V	T	C	S	Q	N	M	N	H	.	.	.	.	.	.	.	E	Y	M	S	W	Y	R	Q	D	P	G	L	G	L	R	Q	I	Y	Y	S	M	N	.	.	.	.	V	E	V	T	D	K	G	D	V	P	.	E	G	Y	K	V	S	R	K	.	E	K	R	N	F	P	L	I	L	E	S	P	S	P	N	Q	T	S	L	Y	F	C	A	S	S	L
Homosap	TRBV28	TRBV28*01	U08314	F	D	V	K	V	T	Q	S	S	R	Y	L	V	K	R	T	G	E	K	V	F	L	E	C	V	Q	D	M	D	H	.	.	.	.	.	.	.	E	N	M	F	W	Y	R	Q	D	P	G	L	G	L	R	L	I	Y	F	S	Y	D	.	.	.	.	V	K	M	K	E	K	G	D	I	P	.	E	G	Y	S	V	S	R	E	.	K	K	E	R	F	S	L	I	L	E	S	A	S	T	N	Q	T	S	M	Y	L	C	A	S	S	L
Homosap	TRBV29-1	TRBV29-1*01	L36092	F	S	A	V	I	S	Q	K	P	S	R	D	I	C	Q	R	G	T	S	L	T	I	Q	C	Q	V	D	S	Q	V	.	.	.	.	.	.	.	T	M	M	F	W	Y	R	Q	Q	P	G	Q	S	L	T	L	I	A	T	A	N	Q	G	.	.	.	S	E	A	T	Y	E	S	G	F	V	I	D	K	F	P	I	S	R	P	.	N	L	T	F	S	T	L	T	V	S	N	M	S	P	E	D	S	S	I	Y	L	C	S	V	E
Homosap	TRBV29-1	TRBV29-1*02	M13847	(F)	S	A	V	I	S	Q	K	P	S	R	D	I	C	Q	R	G	T	S	L	T	I	Q	C	Q	V	D	S	Q	V	.	.	.	.	.	.	.	T	M	M	F	W	Y	R	Q	Q	P	G	Q	S	L	T	L	I	A	T	A	N	Q	G	.	.	.	S	E	A	T	Y	E	S	G	F	V	I	D	K	F	P	I	S	R	P	.	N	L	T	F	S	S	L	T	V	S	N	M	S	P	E	D	S	S	I	Y	L	C	S	V	E
Homosap	TRBV3-1	TRBV3-1*01	U07977	F	D	T	A	V	S	Q	T	P	K	Y	L	V	T	Q	M	G	N	D	K	S	I	K	C	E	Q	N	L	G	H	.	.	.	.	.	.	.	D	T	M	Y	W	Y	K	Q	D	S	K	K	F	L	K	I	M	F	S	Y	N	N	.	.	.	.	K	E	L	I	I	N	E	T	V	P	.	N	R	F	S	P	K	S	P	.	D	K	A	H	L	N	L	H	I	N	S	L	E	L	G	D	S	A	V	Y	F	C	A	S	S	Q
Homosap	TRBV3-1	TRBV3-1*02	L06889	(F)	D	T	A	V	S	Q	T	P	K	Y	L	V	T	Q	M	G	N	D	K	S	I	K	C	E	Q	N	L	G	H	.	.	.	.	.	.	.	D	T	M	Y	W	Y	K	Q	D	S	K	K	F	L	K	I	M	F	S	Y	N	N	.	.	.	.	K	E	I	I	I	N	E	T	V	P	.	N	R	F	S	P	K	S	P	.	D	K	A	K	L	N	L	H	I	N	S	L	E	L	G	D	S	A	V	Y	F	C	A	S
Homosap	TRBV30	TRBV30*01	L36092	F	S	Q	T	I	H	Q	W	P	A	T	L	V	Q	P	V	G	S	P	L	S	L	E	C	T	V	E	G	T	S	.	.	.	.	.	.	N	P	N	L	Y	W	Y	R	Q	A	A	G	R	G	L	Q	L	L	F	Y	S	V	G	.	.	.	.	.	I	G	Q	I	S	S	E	V	P	.	Q	N	L	S	A	S	R	P	.	Q	D	R	Q	F	I	L	S	S	K	K	L	L	L	S	D	S	G	F	Y	L	C	A	W	S
Homosap	TRBV30	TRBV30*02	Z13967	F	S	Q	T	I	H	Q	W	P	A	T	L	V	Q	P	V	G	S	P	L	S	L	E	C	T	V	E	G	T	S	.	.	.	.	.	.	N	P	N	L	Y	W	Y	R	Q	A	A	G	R	G	L	Q	L	L	F	Y	S	V	G	.	.	.	.	.	I	G	Q	I	S	S	E	V	P	.	Q	N	L	S	A	S	R	P	.	Q	D	R	Q	F	I	L	S	S	K	K	L	L	L	S	D	S	G	F	Y	L	C	A	W	S
Homosap	TRBV30	TRBV30*05	L06893	(F)	S	Q	T	I	H	Q	W	P	A	T	L	V	Q	P	V	G	S	P	L	S	L	E	C	T	V	E	G	T	S	.	.	.	.	.	.	N	P	N	L	Y	W	Y	R	Q	A	A	G	R	G	L	Q	L	L	F	Y	S	V	G	.	.	.	.	.	I	G	Q	I	S	S	E	V	P	.	Q	N	L	S	A	S	R	P	.	Q	D	R	Q	F	I	L	S	S	K	K	L	L	L	S	D	S	G	F	Y	L	C	A	W	G
Homosap	TRBV4-1	TRBV4-1*01	U07977	F	D	T	E	V	T	Q	T	P	K	H	L	V	M	G	M	T	N	K	K	S	L	K	C	E	Q	H	M	G	H	.	.	.	.	.	.	.	R	A	M	Y	W	Y	K	Q	K	A	K	K	P	P	E	L	M	F	V	Y	S	Y	.	.	.	.	E	K	L	S	I	N	E	S	V	P	.	S	R	F	S	P	E	C	P	.	N	S	S	L	L	N	L	H	L	H	A	L	Q	P	E	D	S	A	L	Y	L	C	A	S	S	Q
Homosap	TRBV4-2	TRBV4-2*01	U07975	F	E	T	G	V	T	Q	T	P	R	H	L	V	M	G	M	T	N	K	K	S	L	K	C	E	Q	H	L	G	H	.	.	.	.	.	.	.	N	A	M	Y	W	Y	K	Q	S	A	K	K	P	L	E	L	M	F	V	Y	N	F	.	.	.	.	K	E	Q	T	E	N	N	S	V	P	.	S	R	F	S	P	E	C	P	.	N	S	S	H	L	F	L	H	L	H	T	L	Q	P	E	D	S	A	L	Y	L	C	A	S	S	Q
Homosap	TRBV4-2	TRBV4-2*02	X58811	(F)	E	T	G	V	T	Q	T	P	R	H	L	V	M	G	M	T	N	K	K	S	L	K	C	E	Q	H	L	G	H	.	.	.	.	.	.	.	N	A	M	Y	W	Y	K	Q	S	A	K	K	P	L	E	L	M	F	V	Y	N	F	.	.	.	.	K	E	Q	T	E	N	N	S	V	P	.	S	R	F	S	P	E	C	P	.	N	S	S	H	L	C	L	H	L	H	T	L	Q	P	E	D	S	A	L	Y	L	C	A	S	T
Homosap	TRBV4-3	TRBV4-3*01	U07978	F	E	T	G	V	T	Q	T	P	R	H	L	V	M	G	M	T	N	K	K	S	L	K	C	E	Q	H	L	G	H	.	.	.	.	.	.	.	N	A	M	Y	W	Y	K	Q	S	A	K	K	P	L	E	L	M	F	V	Y	S	L	.	.	.	.	E	E	R	V	E	N	N	S	V	P	.	S	R	F	S	P	E	C	P	.	N	S	S	H	L	F	L	H	L	H	T	L	Q	P	E	D	S	A	L	Y	L	C	A	S	S	Q
Homosap	TRBV4-3	TRBV4-3*02	X58812	(F)	E	T	G	V	T	Q	T	P	R	H	L	V	M	G	M	T	N	K	K	S	L	K	C	E	Q	H	L	G	H	.	.	.	.	.	.	.	N	A	M	Y	W	Y	K	Q	S	A	K	K	P	L	E	L	M	F	V	Y	S	L	.	.	.	.	E	E	R	V	E	N	N	S	V	P	.	S	R	F	S	P	E	C	P	.	N	S	S	H	L	S	L	H	L	H	T	L	Q	P	E	D	S	A	L	Y	L	C	A	S	S
Homosap	TRBV4-3	TRBV4-3*03	L06888	(F)	E	T	G	V	T	Q	T	P	R	H	L	V	M	G	M	T	N	K	K	S	L	K	C	E	Q	H	L	G	H	.	.	.	.	.	.	.	N	A	M	Y	W	Y	K	Q	S	A	K	K	P	L	E	L	M	F	V	Y	S	L	.	.	.	.	E	E	R	V	E	N	N	S	V	P	.	S	R	F	S	P	E	C	P	.	N	S	S	H	L	F	L	H	L	H	T	L	Q	P	E	D	S	A	L	Y	L	C	A	S	S
Homosap	TRBV5-1	TRBV5-1*01	L36092	F	K	A	G	V	T	Q	T	P	R	Y	L	I	K	T	R	G	Q	Q	V	T	L	S	C	S	P	I	S	G	H	.	.	.	.	.	.	.	R	S	V	S	W	Y	Q	Q	T	P	G	Q	G	L	Q	F	L	F	E	Y	F	S	.	.	.	.	E	T	Q	R	N	K	G	N	F	P	.	G	R	F	S	G	R	Q	F	.	S	N	S	R	S	E	M	N	V	S	T	L	E	L	G	D	S	A	L	Y	L	C	A	S	S	L
Homosap	TRBV5-1	TRBV5-1*02	M14271	(F)	R	A	G	V	T	Q	T	P	R	H	L	I	K	T	R	G	Q	Q	V	T	L	G	C	S	P	I	S	G	H	.	.	.	.	.	.	.	R	S	V	S	W	Y	Q	Q	T	L	G	Q	G	L	Q	F	L	F	E	Y	F	S	.	.	.	.	E	T	Q	R	N	K	G	N	F	L	.	G	R	F	S	G	R	Q	F	.	S	N	S	R	S	E	M	N	V	S	T	L	E	L	G	D	S	A	L	Y	L	C	A	S
Homosap	TRBV5-4	TRBV5-4*01	L36092	F	E	T	G	V	T	Q	S	P	T	H	L	I	K	T	R	G	Q	Q	V	T	L	R	C	S	S	Q	S	G	H	.	.	.	.	.	.	.	N	T	V	S	W	Y	Q	Q	A	L	G	Q	G	P	Q	F	I	F	Q	Y	Y	R	.	.	.	.	E	E	E	N	G	R	G	N	F	P	.	P	R	F	S	G	L	Q	F	.	P	N	Y	S	S	E	L	N	V	N	A	L	E	L	D	D	S	A	L	Y	L	C	A	S	S	L
Homosap	TRBV5-4	TRBV5-4*02	X57615	(F)	E	T	G	V	T	Q	S	P	T	H	L	I	K	T	R	G	Q	Q	V	T	L	R	C	S	S	Q	S	G	H	.	.	.	.	.	.	.	N	T	V	S	W	Y	Q	Q	A	L	G	Q	G	P	Q	F	I	F	Q	Y	Y	R	.	.	.	.	E	E	E	N	G	R	G	N	F	P	.	P	R	F	S	G	L	Q	F	.	P	N	Y	N	S	E	L	N	V	N	A	L	E	L	D	D	S	A	L	Y	L	C	A	S	S
Homosap	TRBV5-5	TRBV5-5*01	L36092	F	D	A	G	V	T	Q	S	P	T	H	L	I	K	T	R	G	Q	Q	V	T	L	R	C	S	P	I	S	G	H	.	.	.	.	.	.	.	K	S	V	S	W	Y	Q	Q	V	L	G	Q	G	P	Q	F	I	F	Q	Y	Y	E	.	.	.	.	K	E	E	R	G	R	G	N	F	P	.	D	R	F	S	A	R	Q	F	.	P	N	Y	S	S	E	L	N	V	N	A	L	L	L	G	D	S	A	L	Y	L	C	A	S	S	L
Homosap	TRBV5-5	TRBV5-5*02	X57611	(F)	D	A	G	V	T	Q	S	P	T	H	L	I	K	T	R	G	Q	H	V	T	L	R	C	S	P	I	S	G	H	.	.	.	.	.	.	.	K	S	V	S	W	Y	Q	Q	V	L	G	Q	G	P	Q	F	I	F	Q	Y	Y	E	.	.	.	.	K	E	E	R	G	R	G	N	F	P	.	D	R	F	S	A	R	Q	F	.	P	N	Y	S	S	E	L	N	V	N	A	L	L	L	G	D	S	A	L	Y	L	C	A	S	S
Homosap	TRBV5-5	TRBV5-5*03	X58801	(F)	D	A	G	V	T	Q	S	P	T	H	L	I	K	T	R	G	Q	Q	V	T	L	R	C	S	P	I	S	E	H	.	.	.	.	.	.	.	K	S	V	S	W	Y	Q	Q	V	L	G	Q	G	P	Q	F	I	F	Q	Y	Y	E	.	.	.	.	K	E	E	R	G	R	G	N	F	P	.	D	R	F	S	A	R	Q	F	.	P	N	Y	S	S	E	L	N	V	N	A	L	L	L	G	D	S	A	L	Y	L	C	A	S	S
Homosap	TRBV5-6	TRBV5-6*01	L36092	F	D	A	G	V	T	Q	S	P	T	H	L	I	K	T	R	G	Q	Q	V	T	L	R	C	S	P	K	S	G	H	.	.	.	.	.	.	.	D	T	V	S	W	Y	Q	Q	A	L	G	Q	G	P	Q	F	I	F	Q	Y	Y	E	.	.	.	.	E	E	E	R	Q	R	G	N	F	P	.	D	R	F	S	G	H	Q	F	.	P	N	Y	S	S	E	L	N	V	N	A	L	L	L	G	D	S	A	L	Y	L	C	A	S	S	L
Homosap	TRBV5-8	TRBV5-8*01	L36092	F	E	A	G	V	T	Q	S	P	T	H	L	I	K	T	R	G	Q	Q	A	T	L	R	C	S	P	I	S	G	H	.	.	.	.	.	.	.	T	S	V	Y	W	Y	Q	Q	A	L	G	L	G	L	Q	F	L	L	W	Y	D	E	.	.	.	.	G	E	E	R	N	R	G	N	F	P	.	P	R	F	S	G	R	Q	F	.	P	N	Y	S	S	E	L	N	V	N	A	L	E	L	E	D	S	A	L	Y	L	C	A	S	S	L
Homosap	TRBV6-1	TRBV6-1*01	X61446	F	N	A	G	V	T	Q	T	P	K	F	Q	V	L	K	T	G	Q	S	M	T	L	Q	C	A	Q	D	M	N	H	.	.	.	.	.	.	.	N	S	M	Y	W	Y	R	Q	D	P	G	M	G	L	R	L	I	Y	Y	S	A	S	.	.	.	.	E	G	T	T	D	K	G	E	V	P	.	N	G	Y	N	V	S	R	L	.	N	K	R	E	F	S	L	R	L	E	S	A	A	P	S	Q	T	S	V	Y	F	C	A	S	S	E
Homosap	TRBV6-2	TRBV6-2*01	X61445	F	N	A	G	V	T	Q	T	P	K	F	R	V	L	K	T	G	Q	S	M	T	L	L	C	A	Q	D	M	N	H	.	.	.	.	.	.	.	E	Y	M	Y	W	Y	R	Q	D	P	G	M	G	L	R	L	I	H	Y	S	V	G	.	.	.	.	E	G	T	T	A	K	G	E	V	P	.	D	G	Y	N	V	S	R	L	.	K	K	Q	N	F	L	L	G	L	E	S	A	A	P	S	Q	T	S	V	Y	F	C	A	S	S	Y
Homosap	TRBV6-3	TRBV6-3*01	U07978	F	N	A	G	V	T	Q	T	P	K	F	R	V	L	K	T	G	Q	S	M	T	L	L	C	A	Q	D	M	N	H	.	.	.	.	.	.	.	E	Y	M	Y	W	Y	R	Q	D	P	G	M	G	L	R	L	I	H	Y	S	V	G	.	.	.	.	E	G	T	T	A	K	G	E	V	P	.	D	G	Y	N	V	S	R	L	.	K	K	Q	N	F	L	L	G	L	E	S	A	A	P	S	Q	T	S	V	Y	F	C	A	S	S	Y
Homosap	TRBV6-4	TRBV6-4*01	X61653	F	I	A	G	I	T	Q	A	P	T	S	Q	I	L	A	A	G	R	R	M	T	L	R	C	T	Q	D	M	R	H	.	.	.	.	.	.	.	N	A	M	Y	W	Y	R	Q	D	L	G	L	G	L	R	L	I	H	Y	S	N	T	.	.	.	.	A	G	T	T	G	K	G	E	V	P	.	D	G	Y	S	V	S	R	A	.	N	T	D	D	F	P	L	T	L	A	S	A	V	P	S	Q	T	S	V	Y	F	C	A	S	S	D
Homosap	TRBV6-4	TRBV6-4*02	AF009660	F	T	A	G	I	T	Q	A	P	T	S	Q	I	L	A	A	G	R	S	M	T	L	R	C	T	Q	D	M	R	H	.	.	.	.	.	.	.	N	A	M	Y	W	Y	R	Q	D	L	G	L	G	L	R	L	I	H	Y	S	N	T	.	.	.	.	A	G	T	T	G	K	G	E	V	P	.	D	G	Y	S	V	S	R	A	.	N	T	D	D	F	P	L	T	L	A	S	A	V	P	S	Q	T	S	V	Y	F	C	A	S	S	D
Homosap	TRBV6-5	TRBV6-5*01	L36092	F	N	A	G	V	T	Q	T	P	K	F	Q	V	L	K	T	G	Q	S	M	T	L	Q	C	A	Q	D	M	N	H	.	.	.	.	.	.	.	E	Y	M	S	W	Y	R	Q	D	P	G	M	G	L	R	L	I	H	Y	S	V	G	.	.	.	.	A	G	I	T	D	Q	G	E	V	P	.	N	G	Y	N	V	S	R	S	.	T	T	E	D	F	P	L	R	L	L	S	A	A	P	S	Q	T	S	V	Y	F	C	A	S	S	Y
Homosap	TRBV6-6	TRBV6-6*01	L36092	F	N	A	G	V	T	Q	T	P	K	F	R	I	L	K	I	G	Q	S	M	T	L	Q	C	T	Q	D	M	N	H	.	.	.	.	.	.	.	N	Y	M	Y	W	Y	R	Q	D	P	G	M	G	L	K	L	I	Y	Y	S	V	G	.	.	.	.	A	G	I	T	D	K	G	E	V	P	.	N	G	Y	N	V	S	R	S	.	T	T	E	D	F	P	L	R	L	E	L	A	A	P	S	Q	T	S	V	Y	F	C	A	S	S	Y
Homosap	TRBV6-6	TRBV6-6*02	AF009662	F	N	A	G	V	T	Q	T	P	K	F	R	I	L	K	I	G	Q	S	M	T	L	Q	C	A	Q	D	M	N	H	.	.	.	.	.	.	.	N	Y	M	Y	W	Y	R	Q	D	P	G	M	G	L	K	L	I	Y	Y	S	V	G	.	.	.	.	A	G	I	T	D	K	G	E	V	P	.	N	G	Y	N	V	S	R	S	.	T	T	E	D	F	P	L	R	L	E	L	A	A	P	S	Q	T	S	V	Y	F	C	A	S	S	Y
Homosap	TRBV6-6	TRBV6-6*03	X58815	(F)	N	A	G	V	T	Q	T	P	K	F	R	I	L	K	I	G	Q	S	M	T	L	Q	C	A	Q	D	M	N	H	.	.	.	.	.	.	.	N	Y	M	Y	W	Y	R	Q	D	P	G	M	G	L	K	L	I	Y	Y	S	V	G	.	.	.	.	A	G	I	T	D	K	G	E	V	P	.	N	G	Y	N	V	S	R	S	.	T	T	E	D	F	P	L	R	L	E	L	A	A	P	S	Q	T	S	V	Y	F	C	A	S	S
Homosap	TRBV6-6	TRBV6-6*04	X74848	(F)	N	A	G	V	T	Q	T	P	K	F	R	I	L	K	I	G	Q	S	M	T	L	Q	C	T	Q	D	M	N	H	.	.	.	.	.	.	.	E	Y	M	Y	W	Y	R	Q	D	P	G	M	G	L	K	L	I	Y	Y	S	V	G	.	.	.	.	A	G	I	T	D	K	G	E	V	P	.	N	G	Y	N	V	S	R	S	.	T	T	E	D	F	P	L	R	L	E	L	A	A	P	S	Q	T	S	V	Y	F	C	A	S	S	R
Homosap	TRBV6-6	TRBV6-6*05	L06892	(F)	N	A	G	V	T	Q	T	P	K	F	R	I	L	K	I	G	Q	S	M	T	L	Q	C	A	Q	D	M	N	H	.	.	.	.	.	.	.	N	Y	M	Y	W	Y	R	Q	D	P	G	M	G	L	K	L	I	Y	Y	S	V	G	.	.	.	.	A	G	I	T	D	K	G	E	V	P	.	N	G	Y	N	V	S	R	S	.	T	T	E	D	F	P	L	R	L	E	L	A	A	A	S	Q	T	S	V	Y	F	C	A	S	S
Homosap	TRBV6-8	TRBV6-8*01	L36092	F	N	A	G	V	T	Q	T	P	K	F	H	I	L	K	T	G	Q	S	M	T	L	Q	C	A	Q	D	M	N	H	.	.	.	.	.	.	.	G	Y	M	S	W	Y	R	Q	D	P	G	M	G	L	R	L	I	Y	Y	S	A	A	.	.	.	.	A	G	T	T	D	K	.	E	V	P	.	N	G	Y	N	V	S	R	L	.	N	T	E	D	F	P	L	R	L	V	S	A	A	P	S	Q	T	S	V	Y	L	C	A	S	S	Y
Homosap	TRBV6-9	TRBV6-9*01	X61447	F	N	A	G	V	T	Q	T	P	K	F	H	I	L	K	T	G	Q	S	M	T	L	Q	C	A	Q	D	M	N	H	.	.	.	.	.	.	.	G	Y	L	S	W	Y	R	Q	D	P	G	M	G	L	R	R	I	H	Y	S	V	A	.	.	.	.	A	G	I	T	D	K	G	E	V	P	.	D	G	Y	N	V	S	R	S	.	N	T	E	D	F	P	L	R	L	E	S	A	A	P	S	Q	T	S	V	Y	F	C	A	S	S	Y
Homosap	TRBV7-2	TRBV7-2*01	X61442	F	G	A	G	V	S	Q	S	P	S	N	K	V	T	E	K	G	K	D	V	E	L	R	C	D	P	I	S	G	H	.	.	.	.	.	.	.	T	A	L	Y	W	Y	R	Q	S	L	G	Q	G	L	E	F	L	I	Y	F	Q	G	.	.	.	.	N	S	A	P	D	K	S	G	L	P	S	D	R	F	S	A	E	R	T	.	G	G	S	V	S	T	L	T	I	Q	R	T	Q	Q	E	D	S	A	V	Y	L	C	A	S	S	L
Homosap	TRBV7-2	TRBV7-2*02	L36190	F	G	A	G	V	S	Q	S	P	S	N	K	V	T	E	K	G	K	D	V	E	L	R	C	D	P	I	S	G	H	.	.	.	.	.	.	.	T	A	L	Y	W	Y	R	Q	R	L	G	Q	G	L	E	F	L	I	Y	F	Q	G	.	.	.	.	N	S	A	P	D	K	S	G	L	P	S	D	R	F	S	A	E	R	T	.	G	E	S	V	S	T	L	T	I	Q	R	T	Q	Q	E	D	S	A	V	Y	L	C	A	S	S	L
Homosap	TRBV7-2	TRBV7-2*03	U07975	F	G	A	G	V	S	Q	S	P	S	N	K	V	T	E	K	G	K	D	V	E	L	R	C	D	P	I	S	G	H	.	.	.	.	.	.	.	T	A	L	Y	W	Y	R	Q	R	L	G	Q	G	L	E	F	L	I	Y	F	Q	G	.	.	.	.	N	S	A	P	D	K	S	G	L	P	S	D	R	F	S	A	E	R	T	.	G	E	S	V	S	T	L	T	I	Q	R	T	Q	Q	E	D	S	A	V	Y	L	C	T	S	S	L
Homosap	TRBV7-2	TRBV7-2*04	M27387	(F)	G	A	G	V	S	Q	S	P	S	N	K	V	T	E	K	G	K	D	V	E	L	R	C	D	P	I	S	G	H	.	.	.	.	.	.	.	T	A	L	Y	W	Y	R	Q	S	L	G	Q	G	L	E	F	L	I	Y	F	Q	G	.	.	.	.	N	S	A	P	D	K	S	G	L	P	S	D	R	F	S	A	E	R	T	.	G	G	S	V	S	T	L	T	I	Q	R	T	Q	Q	E	D	S	A	V	Y	L	C	A	S	S	L
Homosap	TRBV7-3	TRBV7-3*01	X61440	F	G	A	G	V	S	Q	T	P	S	N	K	V	T	E	K	G	K	Y	V	E	L	R	C	D	P	I	S	G	H	.	.	.	.	.	.	.	T	A	L	Y	W	Y	R	Q	S	L	G	Q	G	P	E	F	L	I	Y	F	Q	G	.	.	.	.	T	G	A	A	D	D	S	G	L	P	N	D	R	F	F	A	V	R	P	.	E	G	S	V	S	T	L	K	I	Q	R	T	E	R	G	D	S	A	V	Y	L	C	A	S	S	L
Homosap	TRBV7-3	TRBV7-3*04	X74843	(F)	G	A	G	V	S	Q	T	P	S	N	K	V	T	E	K	G	K	Y	V	E	L	R	C	D	P	I	S	G	H	.	.	.	.	.	.	.	T	A	L	Y	W	Y	R	Q	S	L	G	Q	G	P	E	F	L	I	Y	F	Q	G	.	.	.	.	T	G	A	A	D	D	S	G	L	P	N	D	R	F	F	A	V	R	P	.	E	G	S	V	S	T	L	K	I	Q	R	T	E	R	G	D	S	A	V	Y	L	C	A	S	S
Homosap	TRBV7-4	TRBV7-4*01	L36092	F	G	A	G	V	S	Q	S	P	R	Y	K	V	A	K	R	G	R	D	V	A	L	R	C	D	S	I	S	G	H	.	.	.	.	.	.	.	V	T	L	Y	W	Y	R	Q	T	L	G	Q	G	S	E	V	L	T	Y	S	Q	S	.	.	.	.	D	A	Q	R	D	K	S	G	R	P	S	G	R	F	S	A	E	R	P	.	E	R	S	V	S	T	L	K	I	Q	R	T	E	Q	G	D	S	A	V	Y	L	C	A	S	S	L
Homosap	TRBV7-6	TRBV7-6*01	L36092	F	G	A	G	V	S	Q	S	P	R	Y	K	V	T	K	R	G	Q	D	V	A	L	R	C	D	P	I	S	G	H	.	.	.	.	.	.	.	V	S	L	Y	W	Y	R	Q	A	L	G	Q	G	P	E	F	L	T	Y	F	N	Y	.	.	.	.	E	A	Q	Q	D	K	S	G	L	P	N	D	R	F	S	A	E	R	P	.	E	G	S	I	S	T	L	T	I	Q	R	T	E	Q	R	D	S	A	M	Y	R	C	A	S	S	L
Homosap	TRBV7-6	TRBV7-6*02	X58806	(F)	G	A	G	V	S	Q	S	P	R	Y	K	V	T	K	R	G	Q	D	V	A	L	R	C	D	P	I	S	G	H	.	.	.	.	.	.	.	V	S	L	Y	W	Y	R	Q	A	L	G	Q	G	P	E	F	L	T	Y	F	N	Y	.	.	.	.	E	A	Q	Q	D	K	S	G	L	P	N	D	R	F	S	A	E	R	P	.	E	G	S	I	S	T	L	T	I	Q	R	T	E	Q	R	D	S	A	M	Y	R	C	A	S	S
Homosap	TRBV7-7	TRBV7-7*01	L36092	F	G	A	G	V	S	Q	S	P	R	Y	K	V	T	K	R	G	Q	D	V	T	L	R	C	D	P	I	S	S	H	.	.	.	.	.	.	.	A	T	L	Y	W	Y	Q	Q	A	L	G	Q	G	P	E	F	L	T	Y	F	N	Y	.	.	.	.	E	A	Q	P	D	K	S	G	L	P	S	D	R	F	S	A	E	R	P	.	E	G	S	I	S	T	L	T	I	Q	R	T	E	Q	R	D	S	A	M	Y	R	C	A	S	S	L
Homosap	TRBV7-7	TRBV7-7*02	X57607	(F)	G	A	G	V	S	Q	S	P	R	Y	K	V	T	K	R	G	Q	D	V	T	L	R	C	D	P	I	S	S	H	.	.	.	.	.	.	.	V	T	L	Y	W	Y	Q	Q	A	L	G	Q	G	P	E	F	L	T	Y	F	N	Y	.	.	.	.	E	A	Q	P	D	K	S	G	L	P	S	D	R	F	S	A	E	R	P	.	E	G	S	I	S	T	L	T	I	Q	R	T	E	Q	R	D	S	A	M	Y	R	C	A	S	S
Homosap	TRBV7-8	TRBV7-8*01	M11953	F	G	A	G	V	S	Q	S	P	R	Y	K	V	A	K	R	G	Q	D	V	A	L	R	C	D	P	I	S	G	H	.	.	.	.	.	.	.	V	S	L	F	W	Y	Q	Q	A	L	G	Q	G	P	E	F	L	T	Y	F	Q	N	.	.	.	.	E	A	Q	L	D	K	S	G	L	P	S	D	R	F	F	A	E	R	P	.	E	G	S	V	S	T	L	K	I	Q	R	T	Q	Q	E	D	S	A	V	Y	L	C	A	S	S	L
Homosap	TRBV7-8	TRBV7-8*02	X61441	F	G	A	G	V	S	Q	S	P	R	Y	K	V	A	K	R	G	Q	D	V	A	L	R	C	D	P	I	S	G	H	.	.	.	.	.	.	.	V	S	L	F	W	Y	Q	Q	A	L	G	Q	G	P	E	F	L	T	Y	F	Q	N	.	.	.	.	E	A	Q	L	D	K	S	G	L	P	S	D	R	F	F	A	E	R	P	.	E	G	S	V	S	T	L	K	I	Q	R	T	Q	K	E	D	S	A	V	Y	L	C	A	S	S	L
Homosap	TRBV7-8	TRBV7-8*03	M27384	(F)	G	A	G	V	S	Q	S	P	R	Y	K	V	A	K	R	G	Q	D	V	A	L	R	C	D	P	I	S	G	H	.	.	.	.	.	.	.	V	S	L	F	W	Y	Q	Q	A	L	G	Q	G	P	E	F	L	T	Y	F	Q	N	.	.	.	.	E	A	Q	L	D	K	S	G	L	P	S	D	R	F	F	A	E	R	P	.	E	G	S	V	S	T	L	K	I	Q	R	T	Q	Q	E	D	S	A	V	Y	L	C	A	S	S	R
Homosap	TRBV7-9	TRBV7-9*01	L36092	F	D	T	G	V	S	Q	N	P	R	H	K	I	T	K	R	G	Q	N	V	T	F	R	C	D	P	I	S	E	H	.	.	.	.	.	.	.	N	R	L	Y	W	Y	R	Q	T	L	G	Q	G	P	E	F	L	T	Y	F	Q	N	.	.	.	.	E	A	Q	L	E	K	S	R	L	L	S	D	R	F	S	A	E	R	P	.	K	G	S	F	S	T	L	E	I	Q	R	T	E	Q	G	D	S	A	M	Y	L	C	A	S	S	L
Homosap	TRBV7-9	TRBV7-9*02	M15564	(F)	D	T	G	V	S	Q	N	P	R	H	N	I	T	K	R	G	Q	N	V	T	F	R	C	D	P	I	S	E	H	.	.	.	.	.	.	.	N	R	L	Y	W	Y	R	Q	T	L	G	Q	G	P	E	F	L	T	Y	F	Q	N	.	.	.	.	E	A	Q	L	E	K	S	R	L	L	S	D	R	F	S	A	E	R	P	.	K	G	S	F	S	T	L	E	I	Q	R	T	E	Q	G	D	S	A	M	Y	L	C	A	S	S	L
Homosap	TRBV7-9	TRBV7-9*03	AF009663	F	D	T	G	V	S	Q	D	P	R	H	K	I	T	K	R	G	Q	N	V	T	F	R	C	D	P	I	S	E	H	.	.	.	.	.	.	.	N	R	L	Y	W	Y	R	Q	T	L	G	Q	G	P	E	F	L	T	Y	F	Q	N	.	.	.	.	E	A	Q	L	E	K	S	R	L	L	S	D	R	F	S	A	E	R	P	.	K	G	S	F	S	T	L	E	I	Q	R	T	E	Q	G	D	S	A	M	Y	L	C	A	S	S	L
Homosap	TRBV7-9	TRBV7-9*04	M14261	(F)	I	S	G	V	S	H	N	P	R	H	K	I	T	K	R	G	Q	N	V	T	F	R	C	D	P	I	S	E	H	.	.	.	.	.	.	.	N	R	L	Y	W	Y	R	Q	N	P	G	Q	G	P	E	F	L	T	Y	F	Q	N	.	.	.	.	E	A	Q	L	E	K	S	G	L	L	S	D	R	I	S	A	E	R	P	.	K	G	S	F	S	T	L	E	I	Q	R	T	E	Q	G	D	S	A	M	Y	L	C	A	S	S
Homosap	TRBV7-9	TRBV7-9*05	M27385	(F)	D	T	G	V	S	Q	N	P	R	H	K	I	T	K	R	G	Q	N	V	T	F	R	C	D	P	I	S	E	H	.	.	.	.	.	.	.	N	R	L	Y	W	Y	R	Q	T	L	G	Q	G	P	E	F	L	T	Y	F	Q	N	.	.	.	.	E	A	Q	L	E	K	S	R	L	L	S	D	R	F	S	A	E	R	P	.	K	G	S	L	S	T	L	E	I	Q	R	T	E	Q	G	D	S	A	M	Y	L	C	A	S	T	K
Homosap	TRBV7-9	TRBV7-9*06	X74844	(F)	D	T	G	V	S	Q	N	P	R	H	K	I	T	K	R	G	Q	N	V	T	F	R	C	D	P	I	S	E	H	.	.	.	.	.	.	.	N	R	L	Y	W	Y	R	Q	T	L	G	Q	G	P	E	F	L	T	Y	F	Q	N	.	.	.	.	E	A	Q	L	E	K	S	R	L	L	S	D	R	F	S	A	E	R	P	.	K	G	S	L	S	T	L	E	I	Q	R	T	E	Q	G	D	S	A	M	Y	L	C	A	S	T	L
Homosap	TRBV9	TRBV9*01	L36092	F	D	S	G	V	T	Q	T	P	K	H	L	I	T	A	T	G	Q	R	V	T	L	R	C	S	P	R	S	G	D	.	.	.	.	.	.	.	L	S	V	Y	W	Y	Q	Q	S	L	D	Q	G	L	Q	F	L	I	Q	Y	Y	N	.	.	.	.	G	E	E	R	A	K	G	N	I	L	.	E	R	F	S	A	Q	Q	F	.	P	D	L	H	S	E	L	N	L	S	S	L	E	L	G	D	S	A	L	Y	F	C	A	S	S	V
Homosap	TRBV9	TRBV9*02	AF009660	F	D	S	G	V	T	Q	T	P	K	H	L	I	T	A	T	G	Q	R	V	T	L	R	C	S	P	R	S	G	D	.	.	.	.	.	.	.	L	S	V	Y	W	Y	Q	Q	S	L	D	Q	G	L	Q	F	L	I	H	Y	Y	N	.	.	.	.	G	E	E	R	A	K	G	N	I	L	.	E	R	F	S	A	Q	Q	F	.	P	D	L	H	S	E	L	N	L	S	S	L	E	L	G	D	S	A	L	Y	F	C	A	S	S	V
Homosap	TRBV9	TRBV9*03	M27380	(F)	D	S	G	V	T	Q	T	P	K	H	L	I	T	A	T	G	Q	R	V	T	L	R	C	S	P	R	S	G	D	.	.	.	.	.	.	.	L	S	V	Y	W	Y	Q	Q	S	L	D	Q	G	L	Q	F	L	I	Q	Y	Y	N	.	.	.	.	G	E	E	R	A	K	G	N	I	L	.	E	R	F	S	A	Q	Q	F	.	P	D	L	H	S	E	L	N	L	S	S	L	E	L	G	D	S	A	L	Y	F	C	A	S	S
